{
  "products": [
    {
      "id": 1,
      "name": "Coffee Beans",
      "price": 15.99,
      "description": "Freshly roasted Arabica coffee beans.",
      "region": "Ethiopia",
      "category_id": 1,
      "subcategory_id": 1,
      "discount": 10,
      "brend_id": 1,
      "isnew": true,
      "stock": 150,
      "img": "6ss.jpg",
      "sumImages": ["2.webp", "2.webp"],
      "model": "AB123",
      "weight": ["2 kg", "1 kg", " 500 g"],
      "type": ["French press", "Dənli", "Üyüdülmüş"]
    },
    {
      "id": 2,
      "name": "Espresso Coffee Machine",
      "price": 249.99,
      "description": "High-quality espresso machine for home use.",
      "region": "Italy",
      "category_id": 2,
      "subcategory_id": 1,
      "discount": 5,
      "brend_id": 2,
      "isnew": false,
      "stock": 0,
      "img": "5s.jpg",
      "sumImages": ["111.jpg", "111.jpg"],
      "model": "ES456",
      "weight": "3kg"
    },
    {
      "id": 3,
      "name": "Coffee Mug",
      "price": 9.99,
      "description": "Stylish coffee mug for daily use.",
      "region": "China",
      "category_id": 3,
      "subcategory_id": 1,
      "discount": 0,
      "brend_id": 3,
      "isnew": false,
      "stock": 200,
      "img": "4s.jpg",
      "sumImages": ["111.jpg", "111.jpg"],
      "model": "CM789",
      "weight": "350g"
    },
    {
      "id": 4,
      "name": "Coffee Filter Paper",
      "price": 4.99,
      "description": "High-quality coffee filter paper for brewing.",
      "region": "USA",
      "category_id": 3,
      "subcategory_id": 1,
      "discount": 0,
      "brend_id": 4,
      "isnew": true,
      "stock": 300,
      "img": "7s.jpg",
      "sumImages": ["2.webp", "2.webp", "2.webp"],
      "model": "CF012",
      "weight": "200g"
    },
    {
      "id": 5,
      "name": "Coffee Grinder",
      "price": 45.99,
      "description": "Manual coffee grinder for fresh ground coffee.",
      "region": "Germany",
      "category_id": 3,
      "subcategory_id": 1,
      "discount": 66,
      "brend_id": 5,
      "isnew": false,
      "stock": 75,
      "img": "111.jpg",
      "sumImages": ["111.jpg", "111.jpg"],
      "model": "CG234",
      "weight": "1kg"
    },
    {
      "id": 6,
      "name": "Smart Coffee Cup",
      "price": 39.99,
      "description": "A smart coffee cup that maintains your drink's temperature.",
      "region": "South Korea",
      "category_id": 2,
      "subcategory_id": 1,
      "discount": 15,
      "brend_id": 6,
      "isnew": true,
      "stock": 120,
      "img": "9s.jpg",
      "sumImages": ["111.jpg", "111.jpg"],
      "model": "SCC567",
      "weight": "400g"
    },
    {
      "id": 7,
      "name": "Other Accessories",
      "price": 19.99,
      "description": "Miscellaneous coffee accessories and tools.",
      "region": "Various",
      "category_id": 4,
      "subcategory_id": 1,
      "discount": 5,
      "brend_id": 7,
      "isnew": true,
      "stock": 250,
      "img": "111.jpg",
      "sumImages": ["111.jpg", "111.jpg"],
      "model": "OA001",
      "weight": "150g"
    },
    {
      "id": 8,
      "name": "Smart Coffee Cup",
      "price": 39.99,
      "description": "A smart coffee cup that maintains your drink's temperature.",
      "region": "South Korea",
      "category_id": 3,
      "subcategory_id": 1,
      "discount": 15,
      "brend_id": 6,
      "isnew": true,
      "stock": 120,
      "img": "8s.jpg",
      "sumImages": ["111.jpg", "111.jpg"],
      "model": "SCC567",
      "weight": "400g"
    },
    {
      "id": 9,
      "name": "Smart Coffee Cup",
      "price": 39.99,
      "description": "A smart coffee cup that maintains your drink's temperature.",
      "region": "South Korea",
      "category_id": 3,
      "subcategory_id": 1,
      "discount": 15,
      "brend_id": 6,
      "isnew": true,
      "stock": 120,
      "img": "3s.jpg",
      "sumImages": ["111.jpg", "111.jpg"],
      "model": "SCC567",
      "weight": "400g"
    },
    {
      "id": 10,
      "name": "Smart Coffee Cup",
      "price": 39.99,
      "description": "A smart coffee cup that maintains your drink's temperature.",
      "region": "South Korea",
      "category_id": 3,
      "subcategory_id": 2,
      "discount": 15,
      "brend_id": 6,
      "isnew": true,
      "stock": 120,
      "img": "2s.jpg",
      "sumImages": ["111.jpg", "111.jpg"],
      "model": "SCC567",
      "weight": "400g"
    },
    {
      "id": 11,
      "name": "Smart Coffee Cup",
      "price": 39.99,
      "description": "A smart coffee cup that maintains your drink's temperature.",
      "region": "South Korea",
      "category_id": 3,
      "subcategory_id": 2,
      "discount": 15,
      "brend_id": 6,
      "isnew": true,
      "stock": 120,
      "img": "1s.jpg",
      "sumImages": ["111.jpg", "111.jpg"],
      "model": "SCC567",
      "weight": "400g"
    }
  ],

  "categories": [
    {
      "id": 1,
      "name": "Qəhvə",
      "slug": "qehve",
      "subcategories": [
        {
          "id": 1,
          "name": "Arabic Qəhvə",
          "slug": "arabic-qehve"
        },
        {
          "id": 2,
          "name": "Türk Qəhvəsi",
          "slug": "turk-qehvesi"
        },
        {
          "id": 3,
          "name": "Qəhvə Çayı",
          "slug": "qehve-cayi"
        }
      ]
    },
    {
      "id": 2,
      "name": "Qəhvə maşınları",
      "slug": "qehve-masinlari",
      "subcategories": [
        {
          "id": 1,
          "name": "Professional Qəhvə Aparatları",
          "slug": "professional-qehve-aparatlari"
        },
        {
          "id": 2,
          "name": "Avtomatik Qəhvə Aparatları",
          "slug": "avtomatik-qehve-aparatlari"
        },
        {
          "id": 3,
          "name": "Qəhvədəmləyən Aparatlar",
          "slug": "qehvedemleyen-aparatlar"
        },
        {
          "id": 4,
          "name": "Kapsul Aparatları",
          "slug": "kapsul-aparatlari"
        },
        {
          "id": 5,
          "name": "Qəhvə Üyüdənlər",
          "slug": "qehve-uyudenler"
        },
        {
          "id": 6,
          "name": "Süd Köpükləndiricilər",
          "slug": "sud-kopuklendiriciler"
        }
      ]
    },
    {
      "id": 3,
      "name": "Aksesuarlar",
      "slug": "aksesuarlar",
      "subcategories": [
        {
          "id": 1,
          "name": "Digər aksessuar və komponentlər",
          "slug": "diger-aksessuar-ve-komponentler"
        },
        {
          "id": 2,
          "name": "Kağız filterlər",
          "slug": "kagiz-filterler"
        },
        {
          "id": 3,
          "name": "Əsas barista aksesuarları",
          "slug": "esas-barista-aksessuarlar"
        },
        {
          "id": 4,
          "name": "Avadanlıqlara qulluq məhsulları",
          "slug": "avadanliqlara-qulluq-mehsullari"
        }
      ]
    },
    {
      "id": 4,
      "name": "Əlavələr",
      "slug": "elaveler",
      "subcategories": [
        {
          "id": 1,
          "name": "Qida Əlavələri",
          "slug": "qida-elaveleri"
        },
        {
          "id": 2,
          "name": "Sirop",
          "slug": "sirop"
        }
      ]
    }
  ],
  "brands": [
    {
      "id": 1,
      "name": "Arabica"
    },
    {
      "id": 2,
      "name": "EspressoPro"
    },
    {
      "id": 3,
      "name": "CafeStyle"
    },
    {
      "id": 4,
      "name": "FilterTech"
    },
    {
      "id": 5,
      "name": "GrindMaster"
    },
    {
      "id": 6,
      "name": "SmartBrew"
    },
    {
      "id": 7,
      "name": "Misc"
    }
  ]
}
